-- Clean demo seed for catalog behavior testing.
-- Schema: val_dev
-- Tenant: 11111111-1111-1111-1111-111111111111

begin;

-- Reset tenant-scoped catalog data
with t as (select '11111111-1111-1111-1111-111111111111'::uuid as tenant_id)
delete from val_dev.catalog_variant_vendor_prices where tenant_id = (select tenant_id from t);
with t as (select '11111111-1111-1111-1111-111111111111'::uuid as tenant_id)
delete from val_dev.catalog_vendors where tenant_id = (select tenant_id from t);
with t as (select '11111111-1111-1111-1111-111111111111'::uuid as tenant_id)
delete from val_dev.catalog_variant_attribute_values where tenant_id = (select tenant_id from t);
with t as (select '11111111-1111-1111-1111-111111111111'::uuid as tenant_id)
delete from val_dev.catalog_product_attribute_values where tenant_id = (select tenant_id from t);
with t as (select '11111111-1111-1111-1111-111111111111'::uuid as tenant_id)
delete from val_dev.catalog_attribute_options where tenant_id = (select tenant_id from t);
with t as (select '11111111-1111-1111-1111-111111111111'::uuid as tenant_id)
delete from val_dev.catalog_attribute_definitions where tenant_id = (select tenant_id from t);
with t as (select '11111111-1111-1111-1111-111111111111'::uuid as tenant_id)
delete from val_dev.catalog_product_variants where tenant_id = (select tenant_id from t);
with t as (select '11111111-1111-1111-1111-111111111111'::uuid as tenant_id)
delete from val_dev.catalog_products where tenant_id = (select tenant_id from t);
with t as (select '11111111-1111-1111-1111-111111111111'::uuid as tenant_id)
delete from val_dev.catalog_categories where tenant_id = (select tenant_id from t);

-- Categories
insert into val_dev.catalog_categories (
  id, tenant_id, parent_id, name, slug, path, depth, is_leaf, sort_order, is_active
)
values
  ('00000000-0000-0000-0000-00000000c001','11111111-1111-1111-1111-111111111111',null,'Beverages','beverages','/beverages',0,false,10,true),
  ('00000000-0000-0000-0000-00000000c002','11111111-1111-1111-1111-111111111111','00000000-0000-0000-0000-00000000c001','Soda','soda','/beverages/soda',1,false,10,true),
  ('00000000-0000-0000-0000-00000000c003','11111111-1111-1111-1111-111111111111','00000000-0000-0000-0000-00000000c002','Cola','cola','/beverages/soda/cola',2,true,10,true),
  ('00000000-0000-0000-0000-00000000c004','11111111-1111-1111-1111-111111111111','00000000-0000-0000-0000-00000000c002','Lemon-Lime','lemon-lime','/beverages/soda/lemon-lime',2,true,20,true),
  ('00000000-0000-0000-0000-00000000c005','11111111-1111-1111-1111-111111111111','00000000-0000-0000-0000-00000000c001','Juice','juice','/beverages/juice',1,true,20,true),
  ('00000000-0000-0000-0000-00000000c006','11111111-1111-1111-1111-111111111111','00000000-0000-0000-0000-00000000c001','Coffee','coffee','/beverages/coffee',1,false,30,true),
  ('00000000-0000-0000-0000-00000000c007','11111111-1111-1111-1111-111111111111','00000000-0000-0000-0000-00000000c006','Bottled Coffee','bottled-coffee','/beverages/coffee/bottled-coffee',2,true,10,true),
  ('00000000-0000-0000-0000-00000000c008','11111111-1111-1111-1111-111111111111',null,'Snacks','snacks','/snacks',0,false,20,true),
  ('00000000-0000-0000-0000-00000000c009','11111111-1111-1111-1111-111111111111','00000000-0000-0000-0000-00000000c008','Chips','chips','/snacks/chips',1,true,10,true),
  ('00000000-0000-0000-0000-00000000c010','11111111-1111-1111-1111-111111111111','00000000-0000-0000-0000-00000000c008','Protein Bars','protein-bars','/snacks/protein-bars',1,true,20,true),
  ('00000000-0000-0000-0000-00000000c011','11111111-1111-1111-1111-111111111111',null,'Office Supplies','office-supplies','/office-supplies',0,false,30,true),
  ('00000000-0000-0000-0000-00000000c012','11111111-1111-1111-1111-111111111111','00000000-0000-0000-0000-00000000c011','Paper','paper','/office-supplies/paper',1,true,10,true);

-- Products
insert into val_dev.catalog_products (
  id, tenant_id, category_id, name, slug, description, brand, status, default_uom, is_active
)
values
  ('00000000-0000-0000-0000-00000000e001','11111111-1111-1111-1111-111111111111','00000000-0000-0000-0000-00000000c003','Cola Soda','cola-soda','Cola soft drinks with vendor-specific pricing',null,'active','pack',true),
  ('00000000-0000-0000-0000-00000000e002','11111111-1111-1111-1111-111111111111','00000000-0000-0000-0000-00000000c004','Lemon-Lime Soda','lemon-lime-soda','Lemon-lime soft drinks',null,'active','pack',true),
  ('00000000-0000-0000-0000-00000000e003','11111111-1111-1111-1111-111111111111','00000000-0000-0000-0000-00000000c005','Juice','juice','Shelf-stable juice options',null,'active','pack',true),
  ('00000000-0000-0000-0000-00000000e004','11111111-1111-1111-1111-111111111111','00000000-0000-0000-0000-00000000c007','Bottled Coffee','bottled-coffee','Ready-to-drink coffee beverages',null,'active','pack',true),
  ('00000000-0000-0000-0000-00000000e005','11111111-1111-1111-1111-111111111111','00000000-0000-0000-0000-00000000c009','Potato Chips','potato-chips','Snack chips in assorted flavors and sizes',null,'active','bag',true),
  ('00000000-0000-0000-0000-00000000e006','11111111-1111-1111-1111-111111111111','00000000-0000-0000-0000-00000000c010','Protein Bars','protein-bars','Protein snack bars',null,'active','box',true),
  ('00000000-0000-0000-0000-00000000e007','11111111-1111-1111-1111-111111111111','00000000-0000-0000-0000-00000000c012','Copy Paper','copy-paper','Office copy paper',null,'active','ream',true);

-- Variant attributes
insert into val_dev.catalog_attribute_definitions (
  id, tenant_id, name, code, scope, data_type, is_filterable, is_required, sort_order
)
values
  ('00000000-0000-0000-0000-00000000a001','11111111-1111-1111-1111-111111111111','Brand','brand','variant','select',true,true,10),
  ('00000000-0000-0000-0000-00000000a002','11111111-1111-1111-1111-111111111111','Type','type','variant','select',true,true,20),
  ('00000000-0000-0000-0000-00000000a003','11111111-1111-1111-1111-111111111111','Size/Quantity','size_quantity','variant','select',true,true,30);

-- Variants
insert into val_dev.catalog_product_variants (
  id, tenant_id, product_id, sku, name, status, price, currency_code, pack_size, uom, is_default, is_active
)
values
  ('00000000-0000-0000-0000-00000000b001','11111111-1111-1111-1111-111111111111','00000000-0000-0000-0000-00000000e001','COLA-COKE-CAN-24X12OZ','Coke Can 24 x 12oz','active',16.99,'USD',24,'can',true,true),
  ('00000000-0000-0000-0000-00000000b002','11111111-1111-1111-1111-111111111111','00000000-0000-0000-0000-00000000e001','COLA-PEPSI-CAN-24X12OZ','Pepsi Can 24 x 12oz','active',15.99,'USD',24,'can',false,true),
  ('00000000-0000-0000-0000-00000000b003','11111111-1111-1111-1111-111111111111','00000000-0000-0000-0000-00000000e001','COLA-COKE-BOTTLE-6X2L','Coke Bottle 6 x 2L','active',13.49,'USD',6,'bottle',false,true),
  ('00000000-0000-0000-0000-00000000b004','11111111-1111-1111-1111-111111111111','00000000-0000-0000-0000-00000000e002','LEMONLIME-SPRITE-CAN-24X12OZ','Sprite Can 24 x 12oz','active',15.49,'USD',24,'can',true,true),
  ('00000000-0000-0000-0000-00000000b005','11111111-1111-1111-1111-111111111111','00000000-0000-0000-0000-00000000e002','LEMONLIME-STARRY-CAN-24X12OZ','Starry Can 24 x 12oz','active',14.99,'USD',24,'can',false,true),
  ('00000000-0000-0000-0000-00000000b006','11111111-1111-1111-1111-111111111111','00000000-0000-0000-0000-00000000e003','JUICE-TROPICANA-FRUIT-24X10OZ','Tropicana Fruit Juice 24 x 10oz','active',18.99,'USD',24,'bottle',true,true),
  ('00000000-0000-0000-0000-00000000b007','11111111-1111-1111-1111-111111111111','00000000-0000-0000-0000-00000000e003','JUICE-WELCHS-FRUIT-24X10OZ','Welchs Fruit Juice 24 x 10oz','active',17.49,'USD',24,'bottle',false,true),
  ('00000000-0000-0000-0000-00000000b008','11111111-1111-1111-1111-111111111111','00000000-0000-0000-0000-00000000e003','JUICE-LIPTON-ICEDTEA-12X16OZ','Lipton Iced Tea 12 x 16oz','active',14.25,'USD',12,'bottle',false,true),
  ('00000000-0000-0000-0000-00000000b009','11111111-1111-1111-1111-111111111111','00000000-0000-0000-0000-00000000e004','COFFEE-STARBUCKS-MOCHA-12X9P5OZ','Starbucks Mocha 12 x 9.5oz','active',26.99,'USD',12,'bottle',true,true),
  ('00000000-0000-0000-0000-00000000b00a','11111111-1111-1111-1111-111111111111','00000000-0000-0000-0000-00000000e004','COFFEE-STARBUCKS-VANILLA-12X9P5OZ','Starbucks Vanilla 12 x 9.5oz','active',26.99,'USD',12,'bottle',false,true),
  ('00000000-0000-0000-0000-00000000b00b','11111111-1111-1111-1111-111111111111','00000000-0000-0000-0000-00000000e005','CHIPS-LAYS-CLASSIC-50X1OZ','Lay''s Classic 50 x 1oz','active',24.99,'USD',50,'bag',true,true),
  ('00000000-0000-0000-0000-00000000b00c','11111111-1111-1111-1111-111111111111','00000000-0000-0000-0000-00000000e005','CHIPS-DORITOS-NACHO-40X1OZ','Doritos Nacho 40 x 1oz','active',23.49,'USD',40,'bag',false,true),
  ('00000000-0000-0000-0000-00000000b00d','11111111-1111-1111-1111-111111111111','00000000-0000-0000-0000-00000000e006','BARS-KIRKLAND-CHOC-20CT','Kirkland Protein Bars Chocolate 20ct','active',19.99,'USD',20,'bar',true,true),
  ('00000000-0000-0000-0000-00000000b00e','11111111-1111-1111-1111-111111111111','00000000-0000-0000-0000-00000000e006','BARS-QUEST-COOKIE-12CT','Quest Protein Bars Cookies & Cream 12ct','active',21.49,'USD',12,'bar',false,true),
  ('00000000-0000-0000-0000-00000000b00f','11111111-1111-1111-1111-111111111111','00000000-0000-0000-0000-00000000e007','PAPER-HPMULTI-COPY-10REAM','HP Multipurpose Copy Paper 10 Reams','active',49.99,'USD',10,'ream',true,true),
  ('00000000-0000-0000-0000-00000000b010','11111111-1111-1111-1111-111111111111','00000000-0000-0000-0000-00000000e007','PAPER-GEORGIA-COPY-8REAM','Georgia-Pacific Copy Paper 8 Reams','active',42.99,'USD',8,'ream',false,true);

-- Variant attribute values
with defs as (
  select code, id
  from val_dev.catalog_attribute_definitions
  where tenant_id = '11111111-1111-1111-1111-111111111111'::uuid
)
insert into val_dev.catalog_variant_attribute_values (tenant_id, variant_id, attribute_id, value_jsonb)
select '11111111-1111-1111-1111-111111111111'::uuid, v.variant_id::uuid, d.id, jsonb_build_object('value', v.val)
from (
  values
    ('00000000-0000-0000-0000-00000000b001','brand','Coke'),('00000000-0000-0000-0000-00000000b001','type','Can'),('00000000-0000-0000-0000-00000000b001','size_quantity','24 x 12oz'),
    ('00000000-0000-0000-0000-00000000b002','brand','Pepsi'),('00000000-0000-0000-0000-00000000b002','type','Can'),('00000000-0000-0000-0000-00000000b002','size_quantity','24 x 12oz'),
    ('00000000-0000-0000-0000-00000000b003','brand','Coke'),('00000000-0000-0000-0000-00000000b003','type','Bottle'),('00000000-0000-0000-0000-00000000b003','size_quantity','6 x 2L'),
    ('00000000-0000-0000-0000-00000000b004','brand','Sprite'),('00000000-0000-0000-0000-00000000b004','type','Can'),('00000000-0000-0000-0000-00000000b004','size_quantity','24 x 12oz'),
    ('00000000-0000-0000-0000-00000000b005','brand','Starry'),('00000000-0000-0000-0000-00000000b005','type','Can'),('00000000-0000-0000-0000-00000000b005','size_quantity','24 x 12oz'),
    ('00000000-0000-0000-0000-00000000b006','brand','Tropicana'),('00000000-0000-0000-0000-00000000b006','type','Fruit Juice'),('00000000-0000-0000-0000-00000000b006','size_quantity','24 x 10oz'),
    ('00000000-0000-0000-0000-00000000b007','brand','Welchs'),('00000000-0000-0000-0000-00000000b007','type','Fruit Juice'),('00000000-0000-0000-0000-00000000b007','size_quantity','24 x 10oz'),
    ('00000000-0000-0000-0000-00000000b008','brand','Lipton'),('00000000-0000-0000-0000-00000000b008','type','Iced Tea'),('00000000-0000-0000-0000-00000000b008','size_quantity','12 x 16oz'),
    ('00000000-0000-0000-0000-00000000b009','brand','Starbucks'),('00000000-0000-0000-0000-00000000b009','type','Mocha'),('00000000-0000-0000-0000-00000000b009','size_quantity','12 x 9.5oz'),
    ('00000000-0000-0000-0000-00000000b00a','brand','Starbucks'),('00000000-0000-0000-0000-00000000b00a','type','Vanilla'),('00000000-0000-0000-0000-00000000b00a','size_quantity','12 x 9.5oz'),
    ('00000000-0000-0000-0000-00000000b00b','brand','Lays'),('00000000-0000-0000-0000-00000000b00b','type','Snack Bag'),('00000000-0000-0000-0000-00000000b00b','size_quantity','50 x 1oz'),
    ('00000000-0000-0000-0000-00000000b00c','brand','Doritos'),('00000000-0000-0000-0000-00000000b00c','type','Snack Bag'),('00000000-0000-0000-0000-00000000b00c','size_quantity','40 x 1oz'),
    ('00000000-0000-0000-0000-00000000b00d','brand','Kirkland'),('00000000-0000-0000-0000-00000000b00d','type','Protein Bar'),('00000000-0000-0000-0000-00000000b00d','size_quantity','20ct'),
    ('00000000-0000-0000-0000-00000000b00e','brand','Quest'),('00000000-0000-0000-0000-00000000b00e','type','Protein Bar'),('00000000-0000-0000-0000-00000000b00e','size_quantity','12ct'),
    ('00000000-0000-0000-0000-00000000b00f','brand','HP'),('00000000-0000-0000-0000-00000000b00f','type','Copy Paper'),('00000000-0000-0000-0000-00000000b00f','size_quantity','10 Reams'),
    ('00000000-0000-0000-0000-00000000b010','brand','Georgia-Pacific'),('00000000-0000-0000-0000-00000000b010','type','Copy Paper'),('00000000-0000-0000-0000-00000000b010','size_quantity','8 Reams')
) as v(variant_id, code, val)
join defs d on d.code = v.code;

-- Vendors + vendor prices
insert into val_dev.catalog_vendors (id, tenant_id, name, code, is_active)
values
  ('00000000-0000-0000-0000-00000000d101','11111111-1111-1111-1111-111111111111','Amazon','amazon',true),
  ('00000000-0000-0000-0000-00000000d102','11111111-1111-1111-1111-111111111111','Costco','costco',true),
  ('00000000-0000-0000-0000-00000000d103','11111111-1111-1111-1111-111111111111','Staples','staples',true);

insert into val_dev.catalog_variant_vendor_prices (
  tenant_id, variant_id, vendor_id, vendor_sku, price, currency_code, min_order_qty, lead_time_days, is_active
)
values
  ('11111111-1111-1111-1111-111111111111','00000000-0000-0000-0000-00000000b001','00000000-0000-0000-0000-00000000d101','AMZ-COKE-24-12',16.99,'USD',1,2,true),
  ('11111111-1111-1111-1111-111111111111','00000000-0000-0000-0000-00000000b001','00000000-0000-0000-0000-00000000d102','COS-COKE-24-12',15.75,'USD',1,3,true),
  ('11111111-1111-1111-1111-111111111111','00000000-0000-0000-0000-00000000b002','00000000-0000-0000-0000-00000000d101','AMZ-PEPSI-24-12',15.99,'USD',1,2,true),
  ('11111111-1111-1111-1111-111111111111','00000000-0000-0000-0000-00000000b002','00000000-0000-0000-0000-00000000d102','COS-PEPSI-24-12',15.25,'USD',1,3,true),
  ('11111111-1111-1111-1111-111111111111','00000000-0000-0000-0000-00000000b003','00000000-0000-0000-0000-00000000d101','AMZ-COKE-6-2L',13.49,'USD',1,2,true),
  ('11111111-1111-1111-1111-111111111111','00000000-0000-0000-0000-00000000b003','00000000-0000-0000-0000-00000000d102','COS-COKE-6-2L',12.99,'USD',1,3,true),
  ('11111111-1111-1111-1111-111111111111','00000000-0000-0000-0000-00000000b004','00000000-0000-0000-0000-00000000d101','AMZ-SPRITE-24-12',15.49,'USD',1,2,true),
  ('11111111-1111-1111-1111-111111111111','00000000-0000-0000-0000-00000000b004','00000000-0000-0000-0000-00000000d102','COS-SPRITE-24-12',14.95,'USD',1,3,true),
  ('11111111-1111-1111-1111-111111111111','00000000-0000-0000-0000-00000000b005','00000000-0000-0000-0000-00000000d101','AMZ-STARRY-24-12',14.99,'USD',1,2,true),
  ('11111111-1111-1111-1111-111111111111','00000000-0000-0000-0000-00000000b005','00000000-0000-0000-0000-00000000d102','COS-STARRY-24-12',14.79,'USD',1,3,true),
  ('11111111-1111-1111-1111-111111111111','00000000-0000-0000-0000-00000000b006','00000000-0000-0000-0000-00000000d101','AMZ-TROP-24-10',18.99,'USD',1,2,true),
  ('11111111-1111-1111-1111-111111111111','00000000-0000-0000-0000-00000000b006','00000000-0000-0000-0000-00000000d102','COS-TROP-24-10',18.49,'USD',1,3,true),
  ('11111111-1111-1111-1111-111111111111','00000000-0000-0000-0000-00000000b007','00000000-0000-0000-0000-00000000d101','AMZ-WELCH-24-10',17.49,'USD',1,2,true),
  ('11111111-1111-1111-1111-111111111111','00000000-0000-0000-0000-00000000b007','00000000-0000-0000-0000-00000000d102','COS-WELCH-24-10',17.29,'USD',1,3,true),
  ('11111111-1111-1111-1111-111111111111','00000000-0000-0000-0000-00000000b008','00000000-0000-0000-0000-00000000d101','AMZ-LIPTON-12-16',14.25,'USD',1,2,true),
  ('11111111-1111-1111-1111-111111111111','00000000-0000-0000-0000-00000000b008','00000000-0000-0000-0000-00000000d102','COS-LIPTON-12-16',13.95,'USD',1,3,true),
  ('11111111-1111-1111-1111-111111111111','00000000-0000-0000-0000-00000000b009','00000000-0000-0000-0000-00000000d101','AMZ-SBUX-MOCHA',26.99,'USD',1,2,true),
  ('11111111-1111-1111-1111-111111111111','00000000-0000-0000-0000-00000000b00a','00000000-0000-0000-0000-00000000d101','AMZ-SBUX-VAN',26.99,'USD',1,2,true),
  ('11111111-1111-1111-1111-111111111111','00000000-0000-0000-0000-00000000b00b','00000000-0000-0000-0000-00000000d101','AMZ-LAYS-50',24.99,'USD',1,2,true),
  ('11111111-1111-1111-1111-111111111111','00000000-0000-0000-0000-00000000b00b','00000000-0000-0000-0000-00000000d102','COS-LAYS-50',24.49,'USD',1,3,true),
  ('11111111-1111-1111-1111-111111111111','00000000-0000-0000-0000-00000000b00c','00000000-0000-0000-0000-00000000d101','AMZ-DORITOS-40',23.49,'USD',1,2,true),
  ('11111111-1111-1111-1111-111111111111','00000000-0000-0000-0000-00000000b00c','00000000-0000-0000-0000-00000000d102','COS-DORITOS-40',22.99,'USD',1,3,true),
  ('11111111-1111-1111-1111-111111111111','00000000-0000-0000-0000-00000000b00d','00000000-0000-0000-0000-00000000d101','AMZ-KIRK-BARS',19.99,'USD',1,2,true),
  ('11111111-1111-1111-1111-111111111111','00000000-0000-0000-0000-00000000b00d','00000000-0000-0000-0000-00000000d102','COS-KIRK-BARS',19.49,'USD',1,3,true),
  ('11111111-1111-1111-1111-111111111111','00000000-0000-0000-0000-00000000b00e','00000000-0000-0000-0000-00000000d101','AMZ-QUEST-BARS',21.49,'USD',1,2,true),
  ('11111111-1111-1111-1111-111111111111','00000000-0000-0000-0000-00000000b00e','00000000-0000-0000-0000-00000000d102','COS-QUEST-BARS',20.99,'USD',1,3,true),
  ('11111111-1111-1111-1111-111111111111','00000000-0000-0000-0000-00000000b00f','00000000-0000-0000-0000-00000000d103','STP-HP-10REAM',49.99,'USD',1,4,true),
  ('11111111-1111-1111-1111-111111111111','00000000-0000-0000-0000-00000000b010','00000000-0000-0000-0000-00000000d103','STP-GP-8REAM',42.99,'USD',1,4,true);

commit;
